sku,current_stock,expiration_date
UHR,398,2026-06-03
HFC,436,2026-12-16
VKI,492,2026-07-27
KRU,256,2026-08-17
FJZ,383,2026-08-19
CXQ,207,2026-08-14
CQO,431,2026-10-21
NRZ,182,2026-06-17
VQB,419,2026-06-05
OIT,113,2026-10-14
SNC,452,2026-09-02
ZSI,110,2026-07-06
CVO,242,2026-09-19
UPP,322,2026-07-02
WFV,427,2026-06-12
GYW,148,2026-08-04
WEK,431,2026-08-21
ROB,495,2026-10-21
IFG,248,2026-12-17
ARU,181,2026-06-04
MDN,331,2026-10-30
LAU,453,2026-11-18
OVY,384,2026-09-24
NGF,157,2026-08-03
NUD,319,2026-11-07
LRX,270,2026-08-15
KYB,169,2026-07-05
PKF,230,2026-10-02
CAT,424,2026-08-21
MZV,341,2026-09-03
TAW,210,2026-09-05
MBW,353,2026-12-24
EOS,242,2026-06-13
GIJ,195,2026-07-10
GBF,272,2026-07-02
JPK,193,2026-12-23
MGM,312,2026-07-19
BES,421,2026-08-25
ILE,491,2026-12-10
OZB,206,2026-06-15
JVR,213,2026-07-30
RNZ,400,2026-09-29
NFQ,377,2026-06-06
RIJ,434,2026-07-20
NMS,209,2026-09-09
VMG,178,2026-06-25
UAX,205,2026-11-28
SNY,437,2026-09-09
FFE,394,2026-07-30
WAN,144,2026-09-30
WXE,339,2026-07-17
SYF,404,2026-11-17
LFP,481,2026-08-07
AFY,197,2026-10-27
CBB,208,2026-08-13
CWA,225,2026-07-20
GZE,413,2026-09-01
WRS,127,2026-10-17
SMS,104,2026-12-24
QMW,284,2026-09-21
GWD,142,2026-09-01
RYE,194,2026-06-28
MGY,378,2026-11-03
CWE,199,2026-06-11
DEW,248,2026-09-26
DXB,350,2026-10-15
XJB,462,2026-07-09
VJG,450,2026-09-12
RBX,278,2026-07-04
BDV,407,2026-09-11
CGW,309,2026-11-09
JUC,490,2026-07-28
CSM,497,2026-07-06
NTQ,498,2026-09-21
QIE,345,2026-08-06
HQD,404,2026-07-14
GRT,411,2026-07-31
PSJ,469,2026-08-17
OYF,419,2026-10-10
YZD,372,2026-11-30
YYO,440,2026-09-03
LMQ,151,2026-08-27
FCF,362,2026-10-25
KCJ,492,2026-06-13
ESQ,360,2026-12-03
QJK,234,2026-07-09
YBM,429,2026-07-13
XVX,173,2026-06-23
ZGM,116,2026-10-06
LNZ,451,2026-08-08
CZS,382,2026-10-27
HSD,389,2026-06-15
JLQ,262,2026-12-07
EJV,269,2026-09-23
TIJ,121,2026-07-16
DRD,166,2026-07-07
NRP,452,2026-08-22
SPV,435,2026-06-30
RCW,215,2026-10-11
BKE,248,2026-06-22
RRI,447,2026-06-13
ZQH,416,2026-06-27
FLH,404,2026-08-22
MWM,334,2026-06-06
FNU,308,2026-07-07
RNL,244,2026-07-17
QAG,207,2026-09-14
SCN,256,2026-09-14
ADM,222,2026-07-06
FKQ,494,2026-09-05
LPS,224,2026-12-20
LYE,207,2026-09-14
YOK,390,2026-11-11
OJI,343,2026-11-18
UYZ,249,2026-12-17
THQ,437,2026-10-23
JZT,284,2026-12-05
XIM,459,2026-10-29
EGB,367,2026-10-02
OBP,355,2026-07-01
VGB,350,2026-07-03
JUG,204,2026-09-24
CQK,394,2026-07-23
BRX,401,2026-12-27
NNV,464,2026-07-08
ZUW,243,2026-09-08
IGP,410,2026-07-08
XRZ,267,2026-07-24
SPG,166,2026-09-14
LQT,117,2026-06-09
TRB,488,2026-12-02
QEU,159,2026-06-15
INT,111,2026-07-07
WOW,471,2026-07-12
LER,195,2026-12-04
GXL,443,2026-06-25
SPC,399,2026-07-18
OQN,139,2026-12-21
IWO,232,2026-07-16
IPE,115,2026-09-05
MJP,226,2026-06-24
FCY,130,2026-06-03
MYU,437,2026-09-22
EVW,404,2026-10-16
CEG,399,2026-10-28
DIY,443,2026-12-06
HGC,322,2026-07-06
PBM,210,2026-12-26
ZDV,106,2026-06-28
XMO,160,2026-11-20
